method,bonus_metric_length_avg_designability_rate,bonus_metric_backbone_avg_redesign_pass_rate,bonus_metric_backbone_avg_redesign_mean_rmsd,bonus_metric_backbone_avg_redesign_std_rmsd
sc045,0.9589743589743589,0.8336538461538462,1.724435759660525,0.9051783778034527
vf,0.16153846153846155,0.075,9.314123394665046,2.7164435319248534
sc060,0.8333333333333335,0.6128205128205129,3.0499797365699823,1.61888287329654
