method,n_samples,mean_best_rmsd,median_best_rmsd,designability_rate_best_rmsd_lt_2,mean_redesign_pass_rate_8,mean_std_rmsd_8
sc045,390,0.9149465865813768,0.7303746342658997,0.958974358974359,0.8336538461538462,0.9051783778034527
vf,390,5.927311103771895,4.827840805053711,0.16153846153846155,0.075,2.7164435319248534
sc060,390,1.5129366578964087,0.9892756640911102,0.8333333333333334,0.6128205128205129,1.61888287329654
